date,open,high,low,close,volume
2018-12-26,1264,1274,1237.85,1264.15,275494
2018-12-27,1277,1282.5,1235.7,1242.8,715199
2018-12-28,1243.05,1252.95,1225.1,1241.85,491844
2018-12-31,1236,1265,1230,1258.3,559848
2019-01-01,1253,1271,1250,1266.4,292677
2019-01-02,1268,1288,1251.8,1258.75,658775
2019-01-03,1258,1273,1254.05,1266.65,322081
2019-01-04,1259,1297.3,1259,1293,725206
2019-01-07,1299,1300,1275,1282.1,683914
2019-01-08,1281.9,1282,1245.55,1249.5,893261
2019-01-09,1256.25,1271,1249.5,1267.4,289161
2019-01-10,1263,1292.25,1256.75,1285.4,428709
2019-01-11,1286,1295.3,1269.25,1292.7,467514
2019-01-14,1289.8,1328.45,1282,1322.6,887486
2019-01-15,1323.35,1334.9,1317.2,1329.15,466539
2019-01-16,1328.2,1354,1328.1,1347.6,513687
2019-01-17,1344.9,1358.65,1341.25,1352.95,420061
2019-01-18,1350,1372.9,1335.05,1366.3,702678
2019-01-21,1366.3,1387.25,1315.55,1326.05,1293001
2019-01-22,1316.1,1323,1288.5,1293.8,1100328
2019-01-23,1296.9,1317,1284.05,1293.85,671259
2019-01-24,1310,1339.75,1294.2,1314.65,831256
2019-01-25,1321.2,1331.9,1280.85,1292.3,571327
2019-01-28,1287,1302.1,1262.65,1265.8,254670
2019-01-29,1259,1306.75,1254,1299.65,463118
2019-01-30,1299,1323,1297.5,1319.6,315858
2019-01-31,1315,1334,1313.35,1325.65,471658
2019-02-01,1320,1357.9,1320,1341.25,530789
2019-02-04,1335,1336.9,1278.5,1296.75,548166
2019-02-05,1300,1309.8,1282,1290.85,423344
2019-02-06,1298,1315,1287.9,1304.05,410854
2019-02-07,1304.05,1319,1290.1,1295.85,305098
2019-02-08,1298.5,1298.5,1252.1,1257.85,581292
2019-02-11,1300,1300,1090,1121.9,5424327
2019-02-12,1133,1189.9,1101.1,1132.25,4732005
2019-02-13,1154,1164.65,1135.35,1149.8,989560
2019-02-14,1155.5,1169.95,1126.85,1152.35,708081
2019-02-15,1142.1,1152.1,1130,1142.8,386448
2019-02-18,1143,1149.15,1083.1,1116.85,1323161
2019-02-19,1125,1146.7,1112.1,1116.4,969990
2019-02-20,1127,1143.4,1120,1129.6,1188434
2019-02-21,1135,1158,1127,1152.2,1308447
2019-02-22,1145,1155.5,1139.6,1146.2,511047
2019-02-25,1145.9,1198,1131.4,1187.45,1374338
2019-02-26,1175.6,1177.05,1148,1157.35,1071336
2019-02-27,1166,1179.9,1140.7,1149.3,1037445
2019-02-28,1155.05,1160,1137,1140.9,695585
2019-03-01,1140.1,1165.85,1140,1151.85,904319
2019-03-05,1159.8,1195,1146.8,1191.9,564049
2019-03-06,1186.9,1212.85,1183.5,1192.75,1679631
2019-03-07,1195.35,1202,1179.3,1186.95,642857
2019-03-08,1186,1188.45,1167,1171.9,268170
2019-03-11,1172.5,1211.8,1172.5,1204.05,938550
2019-03-12,1211.9,1211.9,1132.7,1157.25,1370850
2019-03-13,1160,1166.05,1092,1117.6,1797280
2019-03-14,1123,1143.4,1116.1,1131.95,717230
2019-03-15,1138,1152.9,1110,1124.15,731215
2019-03-18,1126.4,1139.9,1115,1119.65,353486
2019-03-19,1121.85,1144.95,1121.85,1139.9,398908
2019-03-20,1147.7,1180.1,1135,1166,1269611
2019-03-22,1173.25,1182.15,1144,1150.6,754339
2019-03-25,1149,1160.85,1134.45,1147.05,467825
2019-03-26,1146,1160,1138.95,1151.9,434281
2019-03-27,1163,1178.1,1150.05,1153.75,486185
2019-03-28,1154,1188,1154,1182.95,693131
2019-03-29,1195.4,1253.35,1188.95,1227.6,1780366
2019-04-01,1231,1278.8,1226.5,1269.5,1002709
2019-04-02,1269,1284,1248.65,1255.3,638278
2019-04-03,1259,1276.7,1255.25,1259.75,336310
2019-04-04,1262.95,1269,1249.05,1256.25,236648
2019-04-05,1268,1275,1236.05,1245,469357
2019-04-08,1249,1257.4,1230.55,1237.1,479351
2019-04-09,1242,1263,1226.1,1259.55,452314
2019-04-10,1253.2,1269.75,1240.3,1246.25,251194
2019-04-11,1240,1259.8,1235,1240.4,325454
2019-04-12,1247.7,1268.2,1231.6,1264.3,365799
2019-04-15,1270.6,1285.35,1265.1,1271.4,525419
2019-04-16,1271.25,1294.9,1271.05,1275.2,375036
2019-04-18,1274,1279.9,1255.8,1271.6,283213
2019-04-22,1269,1269,1219,1232.05,534002
2019-04-23,1233,1254,1229.8,1242.9,280002
2019-04-24,1242.9,1268.7,1222,1228.8,569926
2019-04-25,1232,1259.8,1230.05,1246.25,360981
2019-04-26,1243,1254.9,1226.3,1239.2,242464
2019-04-30,1239.8,1248,1205.1,1216.5,336375
2019-05-02,1217,1224.9,1153.8,1194.55,1083586
2019-05-03,1194.55,1212.55,1183.3,1199.3,347353
2019-05-06,1170.35,1205.85,1170.35,1190.3,225661
2019-05-07,1195.5,1199.1,1152.35,1164.95,320142
2019-05-08,1156,1183.6,1152,1170.3,246581
2019-05-09,1165,1199,1157.1,1169.6,310077
2019-05-10,1176.15,1196.5,1167.65,1186.55,173882
2019-05-13,1186.95,1192.95,1161.2,1172.3,200737
2019-05-14,1175.9,1175.9,1130,1142.5,625364
2019-05-15,1148.2,1161,1147.05,1156.45,235916
2019-05-16,1161.9,1161.9,1112.15,1136.45,505445
2019-05-17,1136.45,1159.2,1132.3,1141.2,270312
2019-05-20,1158.05,1206.9,1158.05,1198.3,326706
2019-05-21,1196,1215,1165.1,1172.7,253823
2019-05-22,1177.7,1179,1154,1162.95,221323
2019-05-23,1193,1193,1143.35,1150.1,222973
2019-05-24,1159.75,1188.5,1155.5,1170.5,257237
2019-05-27,1177.5,1212.9,1175.15,1198.8,294036
2019-05-28,1200,1209.45,1181,1190.8,512288
2019-05-29,1191.5,1209,1173.3,1203.3,278890
2019-05-30,1211.95,1234.5,1192.5,1203,1087194
2019-05-31,1209.6,1266.9,1209.6,1238.8,1342593
2019-06-03,1243,1368.7,1243,1357.3,3836627
2019-06-04,1350,1357.45,1324,1332.3,1306110
2019-06-06,1337,1375,1327.3,1342.15,1226417
2019-06-07,1342,1406,1330.75,1398.2,1963985
2019-06-10,1400,1402.5,1368.25,1379.1,731973
2019-06-11,1385.7,1401.45,1375,1379.95,827845
2019-06-12,1380.9,1398.85,1365,1381.75,523008
2019-06-13,1380.5,1383.8,1355.5,1374.3,376393
2019-06-14,1371,1394.9,1366.5,1370.6,349894
2019-06-17,1379,1388,1356.1,1361.05,418598
2019-06-18,1361.9,1366,1338,1354.7,434991
2019-06-19,1357,1383,1341,1351.75,486030
2019-06-20,1392,1404.2,1355.3,1374.3,1462438
2019-06-21,1373,1385.3,1343.35,1348.25,563852
2019-06-24,1353.9,1357.1,1330.05,1344.65,420849
2019-06-25,1345,1351.45,1309.95,1324.85,1156668
2019-06-26,1320,1325.05,1301.05,1307.95,597977
2019-06-27,1310.55,1322.95,1292.6,1312.45,688891
2019-06-28,1324.9,1382,1319.3,1359.2,1568379
2019-07-01,1363,1386.6,1356.15,1370.7,675302
2019-07-02,1374.4,1376.45,1350,1356.05,527306
2019-07-03,1356.65,1364.2,1338.75,1341.6,220036
2019-07-04,1335.65,1349.65,1322.2,1325.45,369704
2019-07-05,1327.35,1341.45,1301.95,1306.65,374619
2019-07-08,1296.1,1324.55,1290.55,1303.25,523713
2019-07-09,1303.25,1352.9,1302.75,1328.65,806802
2019-07-10,1327.95,1337.55,1313.05,1318.15,440764
2019-07-11,1318.15,1332.1,1298.5,1315.3,560976
2019-07-12,1320.3,1368,1317,1363.25,1433514
2019-07-15,1371,1404,1367.55,1385.7,1269223
2019-07-16,1372.15,1398.5,1360.9,1390.2,739553
2019-07-17,1388.3,1427,1370,1383.8,1150697
2019-07-18,1380,1400,1365.1,1388.05,464854
2019-07-19,1388.15,1398.95,1367.05,1373.45,294619
2019-07-22,1373.65,1389,1351,1364.65,344053
2019-07-23,1368.5,1377.85,1355,1366,209290
2019-07-24,1360.1,1372.65,1317.7,1335.45,398286
2019-07-25,1335.45,1349,1314,1343.6,391683
2019-07-26,1344.15,1367.75,1322.9,1363.05,336855
2019-07-29,1363.05,1378,1335.4,1365.85,396917
2019-07-30,1364.9,1374,1329,1333.6,364277
2019-07-31,1327,1356.5,1319.15,1351.6,343969
2019-08-01,1344,1381.5,1341,1365.55,492611
2019-08-02,1355.1,1359.95,1275,1310.2,976127
2019-08-05,1303.7,1311.15,1287.25,1301.65,362139
2019-08-06,1290,1355.3,1290,1340.25,335196
2019-08-07,1340,1355,1310.05,1314.65,230845
2019-08-08,1315,1340,1306,1334.4,203895
2019-08-09,1331,1371,1331,1358.8,399477
2019-08-13,1358.8,1370.55,1311.9,1322.5,610748
2019-08-14,1399,1445,1345.65,1360.2,3189181
2019-08-16,1365,1487,1362.2,1470.6,3588110
2019-08-19,1470.6,1508.95,1461.05,1483.95,1815260
2019-08-20,1488,1490,1463.45,1475.1,561093
2019-08-21,1471.25,1489,1457.25,1466,779790
2019-08-22,1470,1475.3,1445.3,1451.1,602866
2019-08-23,1448.05,1464.9,1425,1440.85,737187
2019-08-26,1444,1472.55,1422.55,1461,501588
2019-08-27,1461,1480,1450.2,1475.55,466048
2019-08-28,1478.7,1535,1477,1521.4,1429654
2019-08-29,1520,1529.8,1505.1,1518.35,619177
2019-08-30,1519.8,1542.45,1496.25,1508.15,869797
2019-09-03,1496,1504.95,1488,1493.45,301790
2019-09-04,1501.9,1505,1485.05,1496.9,320979
2019-09-05,1495.5,1509,1487,1497,314054
2019-09-06,1503,1536.45,1484.8,1500.2,1098301
2019-09-09,1500,1512.45,1473.05,1494.1,625979
2019-09-11,1500,1512.7,1474.05,1497.2,626957
2019-09-12,1572,1579.7,1454,1458.75,2491122
2019-09-13,1464.9,1477,1430.6,1458.15,883257
2019-09-16,1455,1461.6,1428.8,1435.85,408800
2019-09-17,1432,1440,1410.15,1415.05,605036
2019-09-18,1417,1444,1401.7,1433.9,790353
2019-09-19,1434.95,1434.95,1406.55,1412.7,465939
2019-09-20,1415,1475,1393,1469.35,1265101
2019-09-23,1490,1519,1445,1470.5,928873
2019-09-24,1479.4,1488.4,1433.2,1453.1,410553
2019-09-25,1456,1457.45,1417.75,1427.55,274220
2019-09-26,1435,1444,1418.9,1429.2,450521
2019-09-27,1431.7,1433.95,1394.1,1400.55,553438
2019-09-30,1404.4,1405.85,1360.2,1395.5,708880
2019-10-01,1398,1408.95,1360.5,1369.25,356435
2019-10-03,1355.65,1383.85,1348.55,1379.1,443258
2019-10-04,1385,1422.5,1384.95,1400.45,860655
2019-10-07,1409.2,1430,1399,1410.65,673596
2019-10-09,1407.5,1431.85,1397.55,1425.05,381888
2019-10-10,1422,1438,1405.5,1412.25,435916
2019-10-11,1419.3,1454.8,1407.95,1448.1,649286
2019-10-14,1457.15,1477.25,1444.8,1451.75,878725
2019-10-15,1459.9,1489,1457,1483.75,594035
2019-10-16,1484,1494.4,1480,1483.2,304772
2019-10-17,1489,1493,1470.65,1487.3,354752
2019-10-18,1491,1531,1490.35,1507.85,562505
2019-10-22,1502,1540,1502,1519.4,621477
2019-10-23,1520,1530.85,1510,1513.75,193859
2019-10-24,1518.3,1540,1518.3,1536.8,340507
2019-10-25,1540,1543.3,1507.35,1519.35,289340
2019-10-27,1527,1533.25,1520,1529.65,31619
2019-10-29,1526.1,1527,1393,1431,2296243
2019-10-30,1459.8,1489.25,1440,1461.95,751366
2019-10-31,1471,1499.8,1463.05,1484.8,457117
2019-11-01,1492.8,1508,1450.1,1460,551152
2019-11-04,1461,1471,1411,1414.75,519503
2019-11-05,1423.5,1446.8,1412.5,1414.95,620983
2019-11-06,1416,1429.95,1402.05,1413.9,604579
2019-11-07,1422.7,1469,1420.5,1463.9,909619
2019-11-08,1467.9,1467.9,1415,1418.6,504630
2019-11-11,1425,1445,1414.15,1419,475250
2019-11-13,1420.05,1435,1379.15,1388.65,506842
2019-11-14,1394,1441.5,1386.3,1419.15,1643108
2019-11-15,1437.45,1445.4,1380,1397.25,1282545
2019-11-18,1419,1428.6,1398.2,1403.95,783234
2019-11-19,1408.8,1420.8,1402,1410.95,472316
2019-11-20,1422,1437.1,1415,1421.55,660964
2019-11-21,1428,1462.95,1425,1455.45,1123652
2019-11-22,1459.65,1475.05,1440.65,1451.6,882624
2019-11-25,1451.4,1464.7,1440.15,1450.35,337740
2019-11-26,1455,1488,1450.65,1458.4,989762
2019-11-27,1467.5,1480,1460,1463.95,400326
2019-11-28,1465.35,1476.4,1440,1444.5,397266
2019-11-29,1453.5,1466.85,1431,1441.2,359720
2019-12-02,1450.2,1450.2,1414.45,1416.25,308438
2019-12-03,1423.9,1423.9,1400,1404.4,405568
2019-12-04,1404,1478.55,1401.05,1470.25,1204381
2019-12-05,1471.85,1492.55,1451.6,1483.2,725914
2019-12-06,1479.9,1510,1459.6,1465,830784
2019-12-09,1466,1474.45,1402.7,1411.8,878632
2019-12-10,1412.5,1437,1368,1373.95,1141233
2019-12-11,1380,1407,1380,1390.45,735568
2019-12-12,1395,1406,1374.75,1385.5,698123
2019-12-13,1393,1397.75,1345,1353,2563372
2019-12-16,1370,1389.9,1366,1370.55,825493
2019-12-17,1369.95,1369.95,1341.35,1363.65,1184021
2019-12-18,1371.05,1394.85,1370,1384.85,1244195
2019-12-19,1385.45,1403.55,1371.15,1396.4,730557
2019-12-20,1400,1402.4,1375.5,1379.2,629259
2019-12-23,1378,1390,1365.55,1386.25,476672
2019-12-24,1391.9,1398.45,1372.2,1375.45,295536
2019-12-26,1384.4,1387.7,1370.45,1379.6,344456
2019-12-27,1379.95,1424.95,1379.5,1418.1,1085655
2019-12-30,1421.2,1432.85,1411.6,1418.9,527326
2019-12-31,1417,1454,1415,1442,985801
2020-01-01,1440,1442,1422.2,1426.35,268255
2020-01-02,1428,1509.2,1428,1494.65,2000143
2020-01-03,1494.65,1505,1481.55,1486.1,629443
2020-01-06,1480,1480,1458.15,1462.5,378702
2020-01-07,1475,1498.95,1472.55,1478.7,365266
2020-01-08,1464,1479.6,1458,1473.65,190163
2020-01-09,1490,1498.7,1473,1479.6,254798
2020-01-10,1484,1502,1476,1485.9,364434
2020-01-13,1493.3,1504,1479.45,1483.45,374704
2020-01-14,1485.1,1502,1483.9,1493.3,308514
2020-01-15,1488.3,1529,1488,1511.95,932167
2020-01-16,1519.7,1607,1518.05,1591.55,2305288
2020-01-17,1595.55,1624,1580,1618.6,893254
2020-01-20,1620,1659,1616.5,1629.55,1047368
2020-01-21,1629.85,1642.5,1621,1626.2,317357
2020-01-22,1643.65,1664,1626.5,1634.45,736367
2020-01-23,1638.8,1699.9,1631.25,1686.9,764590
2020-01-24,1690,1697.55,1649.1,1668.7,1023849
2020-01-27,1668,1713,1662,1696.05,791549
2020-01-28,1695.9,1704.8,1673.8,1677.75,681671
2020-01-29,1687,1694.95,1671.05,1688,230705
2020-01-30,1685,1709.75,1680.25,1690.8,634505
2020-01-31,1699.2,1699.25,1656.45,1660.2,377299
2020-02-01,1658.1,1703.45,1630,1654.45,547355
2020-02-03,1616,1717.6,1616,1695.85,584886
2020-02-04,1695.85,1704.9,1661,1671.05,384789
2020-02-05,1681,1681,1650,1657.45,438855
2020-02-06,1665.7,1665.7,1622.2,1645.05,552992
2020-02-07,1649.8,1678.5,1628,1663.15,554048
2020-02-10,1663,1701.6,1634.5,1665.7,778081
2020-02-11,1670.5,1702.9,1669,1697.95,606839
2020-02-12,1705,1716.95,1670.55,1683.6,728165
2020-02-13,1675,1707,1655,1695.5,902548
2020-02-14,1721,1747.7,1674.45,1704.4,3179224
2020-02-17,1727,1737,1700.1,1715.05,808709
2020-02-18,1716,1784.4,1704.8,1774.9,1860803
2020-02-19,1774.9,1792.6,1750.7,1780.5,1029649
2020-02-20,1790,1813.45,1778.25,1800.7,799535
2020-02-24,1796,1813.55,1764.25,1797.45,708469
2020-02-25,1798,1810,1778,1790.45,459592
2020-02-26,1785.95,1796.95,1763,1767.2,494854
2020-02-27,1765,1803,1755.1,1795.4,919960
2020-02-28,1780.5,1799.75,1726.1,1735.8,1234826
2020-03-02,1750,1777.9,1711.2,1728.55,980080
2020-03-03,1738.9,1753.2,1695,1725.7,672514
2020-03-04,1727,1772,1711.65,1755.25,1164850
2020-03-05,1764.95,1768.85,1718.6,1727.2,661463
2020-03-06,1700,1710,1673,1688.9,498503
2020-03-09,1650,1671.75,1606.1,1640.9,486073
2020-03-11,1629,1642.8,1611,1629.25,617559
2020-03-12,1580,1590.05,1480.3,1508,1279868
2020-03-13,1380.1,1598.5,1379,1513.65,828569
2020-03-16,1431,1540.9,1363.35,1472.8,1197701
2020-03-17,1492.8,1518.95,1415.45,1426.75,610719
2020-03-18,1454,1454,1233.55,1282.7,1731138
2020-03-19,1195.1,1248.25,1052.35,1180.1,2412020
2020-03-20,1190.25,1400.4,1150,1362.95,2002361
2020-03-23,1226.7,1299.35,1149,1158.65,816579
2020-03-24,1250,1265,1124.15,1156,1641799
2020-03-25,1180,1222.2,1072.05,1183.75,2323541
2020-03-26,1190,1336.3,1132,1215.85,2809837
2020-03-27,1259,1259,1130.3,1167,2480908
2020-03-30,1139,1167,1080.15,1098.25,1207572
2020-03-31,1122,1155.1,1047.05,1139.05,1882578
2020-04-01,1136,1139,1080.05,1088.85,1017298
2020-04-03,1094.2,1239.45,1088.05,1189.55,2397409
2020-04-07,1236,1278.65,1212.5,1225.95,1473098
2020-04-08,1225.9,1338.4,1211,1263.95,2070270
2020-04-09,1266,1300,1256.65,1279.85,1156778
2020-04-13,1300,1300,1229.8,1279.4,1027810
2020-04-15,1295,1414.95,1291.6,1360.55,2274130
2020-04-16,1370.75,1440,1334.05,1423.45,1281809
2020-04-17,1450,1472,1360,1374.1,1718048
2020-04-20,1385,1465,1373,1450.95,1860261
2020-04-21,1416,1433.05,1330.1,1351.15,1669512
2020-04-22,1351.25,1368.35,1311.4,1348.3,1272573
2020-04-23,1372,1416.9,1361.8,1384.05,1301177
2020-04-24,1360,1377.5,1341.1,1359.5,756054
2020-04-27,1370.1,1423.35,1370.1,1418.9,1179829
2020-04-28,1429.8,1458.2,1417.05,1426.45,1214114
2020-04-29,1420,1428.8,1375,1417.95,1010961
2020-04-30,1441.9,1441.9,1387.25,1394.35,731401
2020-05-04,1394.65,1427.15,1355.5,1371.75,1532116
2020-05-05,1399,1401.8,1334.45,1347.6,652261
2020-05-06,1350,1359,1261.75,1305.75,1621448
2020-05-07,1293.95,1335,1265.5,1271.15,935845
2020-05-08,1280.3,1327.5,1276.2,1314.8,1250587
2020-05-11,1320,1341.75,1282.4,1304.2,718005
2020-05-12,1296.1,1320,1280.95,1301.1,663107
2020-05-13,1334,1334,1258,1284.55,1508002
2020-05-14,1289.3,1310,1265.8,1294.4,907116
2020-05-15,1299,1377.1,1290.15,1355.3,1984100
2020-05-18,1355,1364.9,1256,1266.05,860702
2020-05-19,1290,1302,1267,1274.25,960164
2020-05-20,1274.9,1298.95,1270.1,1288.45,532117
2020-05-21,1292,1310,1272.2,1280.3,608962
2020-05-22,1270,1296,1252.65,1280,775353
2020-05-26,1290,1338.8,1286.1,1321.75,1145344
2020-05-27,1322.2,1359.5,1318,1337.6,1386457
2020-05-28,1340,1354,1317,1337.05,523207
2020-05-29,1323,1367.6,1314.95,1356.95,870048
2020-06-01,1372,1398,1357.55,1373.3,868868
2020-06-02,1379,1394.85,1350.5,1360.65,608623
2020-06-03,1370,1407,1340.05,1349.8,738651
2020-06-04,1355,1367.75,1336,1364.25,762916
2020-06-05,1369.6,1380.8,1351.7,1359.05,548934
2020-06-08,1368.6,1408,1352.05,1364.05,746492
2020-06-09,1369.95,1392,1352.7,1364.55,517245
2020-06-10,1365,1378.4,1332,1355.65,710311
2020-06-11,1359,1391,1339,1347.55,677212
2020-06-12,1305,1410,1302.2,1403.6,1340070
2020-06-15,1394.8,1429,1371,1410.7,1375775
2020-06-16,1440,1440,1355.3,1372.75,1021347
2020-06-17,1375,1386.65,1346.65,1352.35,481888
2020-06-18,1354.95,1368.5,1336.2,1347.45,591592
2020-06-19,1357,1384,1350.15,1370.7,894818
2020-06-22,1380,1408.75,1371.65,1398.3,758535
2020-06-23,1408,1422,1394.4,1416.1,630605
2020-06-24,1424,1440,1401,1411.8,681132
2020-06-25,1411.8,1444,1405.5,1437.5,872301
2020-06-26,1453,1480,1376.3,1388.15,3862488
2020-06-29,1381,1405.55,1359.25,1365.05,911363
2020-06-30,1377,1384.45,1344,1349.85,759371
2020-07-01,1350,1353.55,1311,1319.65,1066672
2020-07-02,1330,1367.9,1326.25,1362.55,1095777
2020-07-03,1372,1401,1366,1379.8,1034372
2020-07-06,1384.8,1412.85,1381.6,1410.05,684309
2020-07-07,1408,1426,1395,1419.25,750569
2020-07-08,1427,1431,1387.2,1393.85,931697
2020-07-09,1405,1418,1390.35,1404,534663
2020-07-10,1400,1439.2,1396.75,1402.45,722285
2020-07-13,1414.95,1442.9,1406.55,1431.45,769109
2020-07-14,1425.95,1455,1418.6,1441.75,846731
2020-07-15,1450.1,1469.85,1440.1,1465.25,821199
2020-07-16,1469.95,1491.95,1427.55,1436.6,1040680
2020-07-17,1436.7,1507,1436.7,1499.2,1195304
2020-07-20,1507.8,1517.65,1465.25,1485.1,1032827
2020-07-21,1500.9,1520,1495,1500.1,731642
2020-07-22,1500,1507.05,1468.25,1481.15,477433
2020-07-23,1485,1535,1478.4,1531.3,1015614
2020-07-24,1536.95,1549.35,1496.05,1512.05,1481040
2020-07-27,1519,1531.65,1492.05,1508.35,442730
2020-07-28,1518.4,1609.3,1511,1599.2,1886398
2020-07-29,1599.2,1649.4,1581,1641.3,1522678
2020-07-30,1637.5,1728,1631.15,1716.15,2000510
2020-07-31,1717.05,1717.05,1643.5,1674.6,885944
2020-08-03,1670,1703.15,1567.1,1574.35,2067454
2020-08-04,1570,1667.05,1568.05,1653.95,2098362
2020-08-05,1666.9,1715,1658,1676.25,1857434
2020-08-06,1688.5,1740,1654.2,1693.45,1406193
2020-08-07,1700.55,1753,1700.55,1743.2,1570380
2020-08-10,1758.95,1798,1754,1785.15,1082244
2020-08-11,1790,1797.95,1738.5,1750.75,697840
2020-08-12,1750.75,1753.65,1703.1,1707,804252
2020-08-13,1725,1777.9,1711.5,1725.1,1005175
2020-08-14,1735,1750,1687.5,1707.35,765905
2020-08-17,1715,1727.25,1686,1704.4,479355
2020-08-18,1704.4,1716.8,1678.8,1697.15,639935
2020-08-19,1710,1718.25,1682,1685,606463
2020-08-20,1679,1704,1672,1693.2,455458
2020-08-21,1715,1749,1665.65,1677.5,1091794
2020-08-24,1695.5,1700,1675.4,1690.55,525588
2020-08-25,1691,1716.5,1658.65,1664.45,682054
2020-08-26,1664.45,1664.45,1635.2,1651.2,748789
2020-08-27,1656,1679.95,1638.2,1650,476295
2020-08-28,1653.8,1675.9,1647.55,1661.95,548815
2020-08-31,1670,1676.95,1622,1634.55,626908
2020-09-01,1635,1695,1626.1,1670.85,1106516
2020-09-02,1687.7,1708.4,1670,1698.65,1098000
2020-09-03,1703.15,1717,1688.5,1698.95,588865
2020-09-04,1685,1689.75,1643,1649.9,456852
2020-09-07,1654,1667.9,1620.4,1649.25,443361
2020-09-08,1659.95,1685.9,1630.85,1651.65,710353
2020-09-09,1636,1688.15,1600.8,1606.45,1000784
2020-09-10,1600,1615,1585.05,1608.9,936898
2020-09-11,1614,1648.65,1595.05,1611.8,867578
2020-09-14,1637.9,1653.2,1590.15,1623.7,1094575
2020-09-15,1601.05,1698.55,1601.05,1672.85,2802668
2020-09-16,1692.95,1738.4,1678.05,1688.9,2077987
2020-09-17,1695.25,1787,1683.4,1777.1,2006191
2020-09-18,1777.1,1871.95,1774.05,1828.45,3235148
2020-09-21,1824.05,1900,1810.95,1831.55,2220745
2020-09-22,1842.95,1842.95,1763,1789.15,1384803
2020-09-23,1792,1834.85,1760.15,1817.8,1421475
2020-09-24,1824,1974,1795.2,1947.65,5742873
2020-09-25,1967.15,2047,1920.6,2027.65,3665739
2020-09-28,2035,2097,1999.1,2059.9,2422864
2020-09-29,2059.9,2114.95,2055.05,2085.2,2160714
2020-09-30,2104,2168,2086.1,2148.05,2025635
2020-10-01,2151,2158.95,2076.5,2089.75,1224430
2020-10-05,2095,2157,2068.1,2126.75,1594712
2020-10-06,2142.5,2155.85,2103.8,2125.8,903168
2020-10-07,2119.7,2188.4,2097,2173.1,1470504
2020-10-08,2190,2256.9,2187.85,2248.65,1899347
2020-10-09,2244.9,2314,2236.35,2277.1,2181213
2020-10-12,2231,2333,2231,2273.65,2053058
2020-10-13,2282.25,2292.5,2246.2,2254.45,939023
2020-10-14,2265,2273.95,2210.2,2227.7,1405987
2020-10-15,2244,2290,2175,2182.6,2782525
2020-10-16,2210,2219,2175,2210.55,1036110
2020-10-19,2224.3,2241,2186.05,2212.1,760641
2020-10-20,2214.8,2225,2176.1,2212.25,869774
2020-10-21,2225,2231.45,2135.7,2149.5,1473524
2020-10-22,2149.5,2170.75,2092.55,2101.7,1391949
2020-10-23,2098.2,2107.05,2052.6,2075,1124867
2020-10-26,2079,2111,2024.15,2052.3,1236009
2020-10-27,2079.45,2147,2034.6,2118.65,1429731
2020-10-28,2107.85,2132.05,2066,2079.3,958989
2020-10-29,2077.9,2100,2061,2085.85,606805
2020-10-30,2087.95,2144.75,2077.95,2119.45,1071769
2020-11-02,2138.1,2148.75,2065,2069.3,637352
2020-11-03,2085,2159.8,2079.9,2111.35,1528660
2020-11-04,2113,2148,2088,2103.6,725363
2020-11-05,2132.05,2139.55,2104.5,2122.6,466474
2020-11-06,2128,2168.45,2062.55,2085.9,1290149
2020-11-09,2099.8,2109.5,2029.15,2084.4,1534921
2020-11-10,2090,2090,1986,2033.4,2804380
2020-11-11,2063,2208.75,2050,2195.35,3735087
2020-11-12,2155,2205.2,2094,2110.45,2435538
2020-11-13,2121.05,2314,2111.5,2265.8,4605948
2020-11-14,2275,2323.5,2270.05,2284.65,325596
2020-11-17,2284,2341.6,2266.05,2307.35,1832334
2020-11-18,2291.15,2328.6,2282.3,2288.7,1036844
2020-11-19,2288.7,2415,2277,2299.05,2584654
2020-11-20,2335,2398.65,2324.7,2349.6,2144949
2020-11-23,2374,2402.85,2328.5,2375.35,1693126
2020-11-24,2382.65,2423.4,2296.85,2313.35,2018323
2020-11-25,2335.5,2355,2236.35,2241.5,1501778
2020-11-26,2256.45,2318,2244,2304.35,1207176
2020-11-27,2314.95,2375,2298,2347.9,8998610
2020-12-01,2384,2508.85,2349.05,2463,2001392
2020-12-02,2474.7,2485.05,2375.45,2411.55,1611325
2020-12-03,2501,2501.05,2371.9,2389.9,1745381
2020-12-04,2400,2445,2400,2434.65,1219317
2020-12-07,2434.65,2468.55,2418.05,2432.7,778998
2020-12-08,2466,2505,2415.75,2450.45,1412683
2020-12-09,2505.15,2520,2433,2442.7,1650915
2020-12-10,2454.95,2454.95,2370,2393.05,1121002
2020-12-11,2403.6,2413,2345,2359.9,1654915
2020-12-14,2375.8,2390.35,2347,2356.8,800654
2020-12-15,2361,2392.6,2335,2355.2,1060707
2020-12-16,2369,2411.25,2360,2389.7,948217
2020-12-17,2395,2423,2380.25,2404.5,1184865
2020-12-18,2405,2428,2367.15,2387.75,1065060
2020-12-21,2385,2434,2304.7,2335.45,1241568
2020-12-22,2340,2425,2251,2408.35,1249868
2020-12-23,2390,2460.9,2390,2433.8,1093766
2020-12-24,2435,2452.85,2405.3,2413.05,543157
2020-12-28,2425.5,2429.45,2375.5,2388.8,784636
2020-12-29,2403,2415.6,2371,2376.5,585199
2020-12-30,2382.85,2404,2351.2,2396.35,569168
2020-12-31,2390.1,2428,2385,2412.8,855723
2021-01-01,2405.5,2430,2395,2414.85,423934
2021-01-04,2418.1,2429,2398.25,2409.25,527018
2021-01-05,2405,2515.85,2385.8,2509.45,1720467
2021-01-06,2522,2538.85,2481,2502.15,1108589
2021-01-07,2502.15,2564,2500,2508.55,1014690
2021-01-08,2533.9,2579,2515.7,2553.5,862326
2021-01-11,2564.75,2591.85,2524.5,2550.55,422296
2021-01-12,2559,2585,2508.2,2517.25,500012
2021-01-13,2528,2537.75,2437.75,2479.2,662618
2021-01-14,2481.9,2528.9,2475,2512,603193
2021-01-15,2520,2613.7,2510.1,2592.35,1941813
2021-01-18,2599.5,2630.85,2547.05,2609.25,1572820
2021-01-19,2618.5,2659,2580,2645.5,1202289
2021-01-20,2645.25,2682.85,2643.25,2675.8,1064146
2021-01-21,2675,2685,2574.4,2585.05,994932
2021-01-22,2590.05,2652,2567.1,2597.9,1194708
2021-01-25,2610.85,2708,2610.85,2686.9,1764152
2021-01-27,2698,2749.65,2587.25,2600.4,1665899
2021-01-28,2594,2699.5,2580.55,2622.4,1410605
2021-01-29,2622.6,2676.5,2551,2561.25,921579
2021-02-01,2590,2676.55,2528.1,2663.5,879244
2021-02-02,2679.5,2745,2678,2705.15,607131
2021-02-03,2714.9,2808.15,2704,2720.7,1286454
2021-02-04,2730,2747.9,2686,2731.65,455213
2021-02-05,2740,2783,2687.65,2738.6,941316
2021-02-08,2741,2780,2725,2730.25,564043
2021-02-09,2746.5,2836.6,2738.1,2789.3,1052950
2021-02-10,2813.85,2828,2745.65,2756.5,745906
2021-02-11,2760,2779.5,2730,2756.5,581642
2021-02-12,2768,2790,2726.1,2748.1,693562
2021-02-15,2777,3127,2760.45,3090.65,4446974
2021-02-16,3089,3253.55,3047,3202.75,4381584
2021-02-17,3177,3284,3177,3235,2081001
2021-02-18,3225.5,3237.8,3094,3106.75,1477343
2021-02-19,3090.1,3109.25,2896,2919.95,2037556
2021-02-22,2918.45,2967.9,2866.9,2929.55,1246303
2021-02-23,2945.2,3052.5,2937.5,2996.75,1465930
2021-02-24,3015,3120,3000.05,3059.65,1088420
2021-02-25,3101,3139.95,3057.9,3091.35,819639
2021-02-26,3070,3173.95,3020.65,3058.65,2103433
2021-03-01,3039.05,3098,3007.55,3081.15,678218
2021-03-02,3105.5,3152,3067.4,3087.3,944553
2021-03-03,3115.1,3119.5,3049.4,3057,536623
2021-03-04,3058,3081.3,3017,3042.1,687383
2021-03-05,3000,3017.75,2870,2879.5,1486110
2021-03-08,2901,2935.85,2846.75,2866.6,952087
2021-03-09,2870.5,2926.95,2826.7,2886.1,883183
2021-03-10,2910,2924.95,2880.75,2904.1,432551
2021-03-12,2931.1,3031,2927.5,2976.35,1512021
2021-03-15,2998,3025,2915,2996.6,918721
2021-03-16,3002,3080,2990.8,3073.25,1081398
2021-03-17,3080,3082.3,2970,2997.4,740599
2021-03-18,3026,3065,2922,2958.7,789785
2021-03-19,2954,2982.85,2887.25,2934.6,2288304
2021-03-22,2913,2944.25,2875,2905.1,488626
2021-03-23,2917.9,2967.8,2896.85,2946.75,630061
2021-03-24,2957.85,2976.85,2904.05,2919.6,627981
2021-03-25,2927,2993,2787.5,2809.35,1001626
2021-03-26,2840,2905,2819,2851.7,918204
2021-03-30,2902.5,2970.9,2875,2925.6,1420415
2021-03-31,2901,2927.95,2882.05,2902.65,665173
2021-04-01,2886.35,2913.95,2843.4,2894.05,842489
2021-04-05,2922,3015,2886,2919.5,1241115
2021-04-06,2939,3015,2927.2,2983.55,1015604
2021-04-07,2999,3115,2998.75,3097.8,1240450
2021-04-08,3134.8,3144.2,3089.4,3114.6,800699
2021-04-09,3147.5,3164.15,3105.9,3132.15,934037
2021-04-12,3119,3119,2979.05,3004.75,961549
2021-04-13,3032.35,3061.9,2951,2980.75,544916
2021-04-15,3037,3038.95,2902.3,2993.5,692875
2021-04-16,2999.75,3073,2994,3061,622872
2021-04-19,3038,3243.15,3005.65,3157.4,3552506
2021-04-20,3210,3309,3181.75,3269.65,2575420
2021-04-22,3269,3334.1,3217.25,3228.95,1307224
2021-04-23,3258,3299,3171,3200.05,1030125
2021-04-26,3230.35,3253,3152,3174.65,557667
2021-04-27,3200,3205,3157.8,3191.05,505348
2021-04-28,3210,3249,3182.6,3199.25,575824
2021-04-29,3199.25,3260,3199.25,3238.9,589707
2021-04-30,3256,3310,3182.8,3197.5,906562
2021-05-03,3208.8,3221.8,3140,3204.3,728281
2021-05-04,3233.15,3243.25,3166.4,3181.25,581864
2021-05-05,3199.8,3357,3176.15,3332.9,1679977
2021-05-06,3357.85,3385.9,3300.7,3347.15,1124908
2021-05-07,3347.15,3397,3302,3310.85,774478
2021-05-10,3315,3342.6,3261.6,3323.7,627199
2021-05-11,3315,3315,3245.25,3258.2,670759
2021-05-12,3274.9,3274.9,3185.6,3196.75,703372
2021-05-14,3200,3211.75,3095.35,3140.95,842794
2021-05-17,3147,3189.95,3115.1,3152.35,847722
2021-05-18,3174,3188.45,3140,3163.5,639445
2021-05-19,3180.2,3236.1,3161.7,3229.7,711069
2021-05-20,3245.9,3272.75,3214,3219.95,752076
2021-05-21,3246.4,3259.4,3225,3247.75,471439
2021-05-24,3248,3285,3240.15,3261.1,611909
2021-05-25,3266.25,3267,3170.65,3199.65,622276
2021-05-26,3205,3220,3178.1,3183.6,260821
2021-05-27,3186.5,3223.6,3153.6,3199,1084157
2021-05-28,3199,3207,3140,3149.35,555829
2021-05-31,3145,3186.3,3125,3168.75,635444
2021-06-01,3190,3249,3160.85,3239.8,706976
2021-06-02,3244.3,3301,3220,3273.6,843219
2021-06-03,3271,3435,3267.05,3425.65,1098294
2021-06-04,3425.35,3428.65,3375,3380.15,380548
2021-06-07,3380.15,3380.15,3308,3315.3,526855
2021-06-08,3299,3312.5,3255.6,3289.45,766456
2021-06-09,3290,3331.6,3251,3305.9,587528
2021-06-10,3322.45,3345,3297.05,3325.7,749909
2021-06-11,3342.35,3346,3301.7,3336.55,277612
2021-06-14,3345,3360,3285,3350.2,317756
2021-06-15,3355,3356.95,3295,3298.3,461588
2021-06-16,3310,3325,3278,3294.2,419575
2021-06-17,3257,3282.95,3225.2,3240.6,356502
2021-06-18,3235,3253,3162.55,3221.5,520516
2021-06-21,3195,3252,3181,3238,200280
2021-06-22,3238,3302.95,3230.1,3258.2,567861
2021-06-23,3274.95,3274.95,3212,3244.8,504942
2021-06-24,3229.9,3281.65,3141.75,3203.25,1754163
2021-06-25,3253.25,3465,3222.25,3439,3717669
2021-06-28,3447.85,3490,3402.2,3454.15,1213113
2021-06-29,3420,3604.95,3420,3591.15,2268589
2021-06-30,3617,3659.85,3582.6,3619.85,1291906
2021-07-01,3619.85,3696.95,3595,3678.45,876022
2021-07-02,3701,3744.9,3667,3733.2,573795
2021-07-05,3760,3762.95,3702.7,3718.1,444545
2021-07-06,3717.9,3750.75,3696,3706.25,344090
2021-07-07,3715,3757.8,3697.6,3715.6,466002
2021-07-08,3700,3720,3657,3671.4,459811
2021-07-09,3673,3744,3673,3725.9,469932
2021-07-12,3745,3788.8,3730.1,3747.4,464757
2021-07-13,3768,3769.95,3721,3750.3,246112
2021-07-14,3754,3775,3708.9,3754.8,395272
2021-07-15,3774.85,3798,3750.55,3762.35,399845
2021-07-16,3762.35,3787,3742.4,3779.1,226565
2021-07-19,3779.1,3919.95,3765,3883.75,1044561
2021-07-20,3890,3908,3817.3,3882.95,357815
2021-07-22,3890,4004,3890,3985.3,760359
2021-07-23,3985.3,3999.75,3913,3918.9,335985
2021-07-26,3937,4158.8,3930,4100.35,1982531
2021-07-27,4120.9,4189.65,4050.45,4078.25,859687
2021-07-28,4100,4100,3985.5,4028.4,455244
2021-07-29,4040,4054.55,3993.2,4038.75,449417
2021-07-30,4031,4086.45,4007.5,4035,627367
2021-08-02,4059.65,4092.95,4035.05,4048.15,344295
2021-08-03,4090.6,4225,4064.05,4092.7,981680
2021-08-04,4110.8,4128.6,4052.65,4066.4,305863
2021-08-05,4084.8,4111.7,4036,4073.75,270458
2021-08-06,4089.8,4178.05,4073.2,4088.05,717143
2021-08-09,4109,4111,3990,4003.7,431991
2021-08-10,4024,4086.8,4000,4062.8,364246
2021-08-11,4065,4083.15,3915,4026.35,831738
2021-08-12,4027,4142.95,3975.35,4133.1,556973
2021-08-13,4144.95,4145.75,4038.2,4064.1,553736
2021-08-16,4146,4374.5,4125.15,4345.1,3709012
2021-08-17,4345,4974,4332.25,4920.5,8069431
2021-08-18,4850,4963,4762.05,4787.9,2941548
2021-08-20,4719,4934.7,4697.2,4746.5,2331020
2021-08-23,4780,4839.65,4720.2,4743.25,699991
2021-08-24,4820,4888.95,4750.65,4840.75,1576663
2021-08-25,4865,4880,4750,4771.65,469002
2021-08-26,4776.45,4780,4646.4,4700.4,800419
2021-08-27,4717.1,4832,4676.35,4765.1,937887
2021-08-30,4790.2,4828,4721.6,4757.55,632354
2021-08-31,4766.1,5046,4766.1,4969.55,2883159
2021-09-01,4985,5071.8,4945.3,5039.05,841956
2021-09-02,5039.05,5122,5013,5043.5,900686
2021-09-03,5054,5073.3,4967,5014.55,567961
2021-09-06,5029,5040,4972,4995.5,439776
2021-09-07,5020.4,5023,4860,4877.05,479021
2021-09-08,4900,4901.45,4792.1,4811.4,642506
2021-09-09,4815.7,4820,4685,4719.55,838279
2021-09-13,4735,4796,4681.35,4745.85,1151299
2021-09-14,4773,4773,4696.7,4732.45,528943
2021-09-15,4750,4819.2,4686.55,4792.05,659281
2021-09-16,4819,4890,4792.05,4880.75,779552
2021-09-17,4875,4945.5,4864.45,4908.25,814867
2021-09-20,4864,4952.55,4781.7,4878.1,434640
2021-09-21,4858,4918.95,4790.15,4891.6,462221
2021-09-22,4925,5010,4869.9,4904.9,562041
2021-09-23,4931.4,5134,4905,5084.2,696944
2021-09-24,5156.1,5198,4711.55,4731.8,1949974
2021-09-27,4748.8,4771,4464.1,4565.55,1885178
2021-09-28,4580,4629.9,4376,4411.05,1051440
2021-09-29,4420,4507.1,4400,4423.5,571896
2021-09-30,4445,4500.65,4383.65,4481.6,808446
2021-10-01,4481.6,4520,4435,4459.4,534563
2021-10-04,4459.9,4565,4440.85,4548.25,535335
2021-10-05,4571,4576.85,4469.05,4482.4,425555
2021-10-06,4495,4509,4356,4378.75,480575
2021-10-07,4410,4468,4381,4428.3,276775
2021-10-08,4459,4459,4365.6,4379.25,269607
2021-10-11,4401.1,4422.95,4360,4377.15,331320
2021-10-12,4349,4407.05,4293.3,4351.3,612692
2021-10-13,4385,4409,4340,4377.5,302343
2021-10-14,4403.95,4429.75,4312.35,4328.4,436160
2021-10-18,4449,4449,4321.65,4330.4,345049
2021-10-19,4352,4387.65,4226.65,4301.05,285362
2021-10-20,4301.05,4317.35,4135,4146.75,510321
2021-10-21,4187,4234.9,4075.25,4134.85,698306
2021-10-22,4155.5,4189.45,4002.35,4028.4,347114
2021-10-25,4045.4,4250.9,3955,4164,1151030
2021-10-26,4164,4308.5,4135.55,4267.95,790450
2021-10-27,4278.8,4325.1,4215.15,4276.55,623848
2021-10-28,4277.8,4314,4225,4289.5,537955
2021-10-29,4289.5,4349,4161.05,4262.05,705546
2021-11-01,4281.2,4350,4258,4336.6,239375
2021-11-02,4340,4395,4270.55,4289.9,389193
2021-11-03,4317,4449.95,4300.05,4438.6,667752
2021-11-04,4448,4478,4419.85,4438.55,69818
2021-11-08,4438.6,4475,4378,4405.35,285968
2021-11-09,4454,4555.55,4420,4532.9,547476
2021-11-10,4522.1,4584,4480,4552.85,359967
2021-11-11,4545.1,4728.1,4527.05,4567.25,1110123
2021-11-12,4612.9,4688,4571.15,4669.5,423439
2021-11-15,4800.8,5147.55,4800.8,5080.95,3044498
2021-11-16,5080,5205,5040,5096.85,1118231
2021-11-17,5080,5844.4,5075.15,5733.95,6482125
2021-11-18,5733.95,5843.8,5546.15,5588.6,2165157
2021-11-22,5597,5640,5313,5419.5,1204625
2021-11-23,5374.5,5540,5350,5454.25,763056
2021-11-24,5466,5481.45,5305.1,5397.2,697909
2021-11-25,5400,5750,5325.05,5701.05,1575738
2021-11-26,5709,5935.4,5627.45,5687.6,2613669
2021-11-29,5770,5858,5550,5727.5,1189390
2021-11-30,5755,5829.95,5629.6,5687.75,1352746
2021-12-01,5718.7,5765,5531.7,5571,835169
2021-12-02,5625.75,5809,5578.85,5592.95,1236317
2021-12-03,5592.95,5654.65,5420,5432.4,844674
2021-12-06,5467,5468,5276.05,5299.8,489242
2021-12-07,5299.8,5435.25,5235.95,5314.65,595254
2021-12-08,5313,5367,5278,5333.5,557196
2021-12-09,5370,5386,5211,5232.8,689987
2021-12-10,5265,5328.4,5230.5,5245.3,416165
2021-12-13,5286.7,5329,5175,5206.7,480443
2021-12-14,5126,5250,5065.05,5212,1007056
2021-12-15,5230,5269.9,5170.05,5192.55,377883
2021-12-16,5229.95,5242,5143,5204.3,265216
2021-12-17,5200,5200,4730,4786.7,1133941
2021-12-20,4780,4824,4643.15,4704.95,994682
2021-12-21,4760,4870,4695.05,4847.6,1004676
2021-12-22,4900.2,4900.25,4750,4775.55,779992
2021-12-23,4803,4899,4786.55,4877.55,582129
2021-12-24,4880,4905.95,4823.75,4842.5,348742
2021-12-27,4854.35,4860,4755,4840.05,315490
2021-12-28,4854.8,4894,4810.2,4844.2,348173
2021-12-29,4865,4991.3,4833,4976.6,861183
2021-12-30,4999.95,5009.65,4940,4970.75,617460
2021-12-31,4980,5056.8,4953,5013.4,504012
2022-01-03,5038.45,5068,4978.85,4990.5,310798
2022-01-04,5015,5028.9,4921.1,4964.6,369814
2022-01-05,4962,5138.65,4922,4973.25,966342
2022-01-06,4970,5038,4905,4964.45,585391
2022-01-07,4960,5059.1,4958,5021.85,549876
2022-01-10,5021.85,5085,4963,5065.25,542304
2022-01-11,5050,5141.5,5020.3,5059.05,742409
2022-01-12,5075,5099,5005.65,5014.4,360219
2022-01-13,5024.9,5051,4953.15,4983.35,457570
2022-01-14,4997.9,5015,4930,4974.05,207639
2022-01-17,4974,4984.7,4900,4911.75,337077
2022-01-18,4900,4909.9,4505,4615.8,3507266
2022-01-19,4615,4615,4400,4515.95,2404880
2022-01-20,4525,4725,4490,4644.8,2747887
2022-01-21,4649.95,4733.75,4544.85,4691.65,1008450
2022-01-24,4690,4710.8,4462.25,4498.15,737762
2022-01-25,4415,4535,4250.1,4486,917284
2022-01-27,4427,4427,4150,4292.25,1244330
2022-01-28,4346,4565,4335.25,4478.6,932049
2022-01-31,4584,4584,4358.05,4457.35,934551
2022-02-01,4478.8,4532.25,4444,4512.05,548762
2022-02-02,4530,4683,4520.65,4666.3,676206
2022-02-03,4667.95,4704.75,4602.8,4642.8,777217
2022-02-04,4640,4794,4601.75,4687.9,829635
2022-02-07,4687.4,4724.55,4450.05,4475.15,597040
2022-02-08,4497.5,4529.7,4380,4399.5,628869
2022-02-09,4514.7,4587,4430.05,4577.25,842211
2022-02-10,4576.05,4623,4528.1,4590.65,487802
2022-02-11,4610,4613.45,4476.45,4514.9,572726
2022-02-14,4479.1,4678,4402.75,4486.35,1094132
2022-02-15,4530,4675,4501.9,4663.4,791080
2022-02-16,4695,4724,4555.05,4584.8,584166
2022-02-17,4584,4667.5,4550,4564.7,520450
2022-02-18,4504,4592.8,4462.55,4471.55,388145
2022-02-21,4471,4524.95,4390.65,4426.65,392246
2022-02-22,4327,4605.55,4300,4576.05,833525
2022-02-23,4595,4735,4590.5,4610.8,755051
2022-02-24,4425,4535,4351.05,4381.95,814710
2022-02-25,4570,4747.6,4465.75,4633.45,1187316
2022-02-28,4615,4826,4571.2,4802.8,1617666
2022-03-02,4827,4903.95,4780.2,4861.25,1194676
2022-03-03,4880,4969,4875.05,4917.8,930907
2022-03-04,4880,4889.4,4732.2,4747.25,738388
2022-03-07,4620,4732.8,4583.85,4664.35,643012
2022-03-08,4660,4740,4595.4,4722.25,670238
2022-03-09,4779,4814.9,4694,4710.95,447387
2022-03-10,4805.6,4819,4745,4769.7,363906
2022-03-11,4748,4863,4735.25,4854.1,436703
2022-03-14,4890,5016.55,4864.05,4923.5,626924
2022-03-15,4949.95,4999,4700,4812.95,686998
2022-03-16,4893.6,4957.15,4832.2,4943.65,477521
2022-03-17,4947,4998,4824.9,4839.9,852493
2022-03-21,4875,4914.9,4755.05,4767.4,509842
2022-03-22,4798,4828,4471.85,4677.6,1255679
2022-03-23,4697.5,4716.05,4595.6,4608.2,896055
2022-03-24,4599.95,4685,4558.6,4628.55,719101
2022-03-25,4670,4764,4622.4,4683.2,968414
2022-03-28,4712.8,4720,4600.05,4658.6,524802
2022-03-29,4685.9,4697.5,4599.05,4613.75,778391
2022-03-30,4677,4693.7,4579.65,4614.8,4839707
2022-03-31,4625,4634.7,4500.85,4516.1,1225845
2022-04-01,4558,4558,4455.1,4506.9,827880
2022-04-04,4557,4583.3,4499,4564.95,619577
2022-04-05,4605,4605,4542.15,4554.25,487075
2022-04-06,4567,4609,4498.15,4511.75,653418
2022-04-07,4531,4583.7,4490,4536.5,413722
2022-04-08,4574,4628.5,4514,4606.15,685882
2022-04-11,4607,4686.65,4575.5,4662.15,652187
2022-04-12,4669,4682,4594.55,4626.3,574409
2022-04-13,4629,4764,4629,4744.45,812061
2022-04-18,4724.5,4744.45,4518,4554.5,579482
2022-04-19,4594,4870,4583.4,4816.35,1713344
2022-04-20,4806,4850,4731.4,4780.95,777140
2022-04-21,4840,4903.65,4770.1,4885.25,771623
2022-04-22,4849.95,4860,4788,4813.7,381911
2022-04-25,4765.6,4765.6,4608.35,4676.05,421185
2022-04-26,4733,4741,4601,4624.05,548203
2022-04-27,4620,4658.95,4500,4522.95,476441
2022-04-28,4580,4603,4505.05,4537.85,552600
2022-04-29,4545,4596,4431,4454.35,465103
2022-05-02,4440,4440,4290,4304.75,568610
2022-05-04,4302.5,4325.35,3996.05,4013.3,1729814
2022-05-05,4042,4054.15,3930,3949.1,1122769
2022-05-06,3898.65,3898.65,3791.05,3827.35,891448
2022-05-09,3805,3807.95,3739.65,3766.35,521295
2022-05-10,3770,3782.7,3661.8,3686.9,836241
2022-05-11,3709.9,3734.9,3619.65,3679.65,524764
2022-05-12,3650,3650,3541.45,3580.85,717916
2022-05-13,3601.9,3712.9,3530,3547.8,957908
2022-05-16,3581,3707.9,3553.05,3686.75,600622
2022-05-17,3712,3832.95,3678.05,3813.15,843357
2022-05-18,3822,3842,3725,3735,427461
2022-05-19,3609.6,3717.85,3609.6,3631.8,572640
2022-05-20,3695,3695,3586,3668,692428
2022-05-23,3668,3764.65,3666,3716.95,401917
2022-05-24,3740,3740,3613.5,3631.65,471324
2022-05-25,3650.25,3673.95,3486.15,3524.3,370431
2022-05-26,3386,3709,3361.55,3662.8,1730687
2022-05-27,3700,3880,3573,3861.75,1733752
2022-05-30,3890,3915.55,3820.45,3891.95,666686
2022-05-31,3855,3999.8,3839.05,3979.3,1361696
2022-06-01,3939.55,3989.75,3790.05,3839,794887
2022-06-02,3845,3845,3623.75,3645.25,1891062
2022-06-03,3689,3693.95,3546.35,3588.8,1305662
2022-06-06,3580.1,3649.9,3542.1,3633.7,561188
2022-06-07,3633.7,3633.7,3525,3609.3,490554
2022-06-08,3600,3645,3557,3636.2,342056
2022-06-09,3624.8,3680.65,3561,3670.05,483671
2022-06-10,3620.5,3715,3595.5,3700.5,624657
2022-06-13,3649,3678.05,3592,3651.9,523342
2022-06-14,3628.2,3757.85,3622.75,3706.2,655865
2022-06-15,3737.95,3756.1,3645.9,3722.7,466405
2022-06-16,3745,3775,3647,3663.65,678602
2022-06-17,3600,3724,3556.1,3701.25,768620
2022-06-20,3700,3825,3682.9,3811.7,673219
2022-06-21,3849.95,3869,3794.05,3808.2,596024
2022-06-22,3789.05,3807.75,3713.25,3787.75,359601
2022-06-23,3761.8,3857,3723.15,3850.5,646244
2022-06-24,3902,3922,3762,3838.4,1024811
2022-06-27,3849,3870,3775,3794.5,708737
2022-06-28,3759.05,3846.65,3722.9,3837.35,463753
2022-06-29,3767.2,3817.95,3695,3713,567477
2022-06-30,3714,3765.5,3656.4,3683.5,534241
2022-07-01,3680,3745,3635.2,3736.15,316894
2022-07-04,3732,3782.8,3700.05,3770.1,300790
2022-07-05,3761,3874.75,3761,3817.4,468762
2022-07-06,3809.1,3889.55,3783.5,3883.5,390568
2022-07-07,3894.05,3930,3868.25,3915.25,398354
2022-07-08,3918,3946,3910,3936.15,268377
2022-07-11,3935,3968.15,3895.05,3933.25,199806
2022-07-12,3900,4098.7,3900,3929.7,1125104
2022-07-13,3951.15,3958.95,3861.2,3868.3,385514
2022-07-14,3927,3979.3,3880.05,3898.05,656393
2022-07-15,3898.05,3944,3875,3931.7,318645
2022-07-18,3940.1,3970.8,3890.15,3947.1,291155
2022-07-19,3944.4,4032.95,3923.4,4020.2,412946
2022-07-20,4090,4141.7,4030.05,4110.25,753440
2022-07-21,4112,4169.85,4096.35,4150.05,542974
2022-07-22,4150.2,4169.6,4089.95,4125.3,378496
2022-07-25,4144,4252.9,4138.05,4189.9,1127478
2022-07-26,4185,4188.95,4088,4110.2,363638
2022-07-27,4112,4136.95,4022,4125.6,440198
2022-07-28,4149,4206,4135,4190.5,364711
2022-07-29,4206,4252.8,4187,4212.3,333278
2022-08-01,4240,4293.75,4190,4288.1,311325
2022-08-02,4311,4348.25,4270.95,4325.9,440869
2022-08-03,4325.95,4386.75,4280.1,4310.05,367949
2022-08-04,4322.95,4409,4310,4395.8,358472
2022-08-05,4395.8,4422,4335,4374.1,207510
2022-08-08,4388.95,4474.55,4380.05,4427.35,445755
2022-08-10,4438.9,4625.95,4397.1,4517.15,867000
2022-08-11,4539.6,4552.5,4418,4429.65,446510
2022-08-12,4350.05,4394.8,4276.1,4312.75,1412625
2022-08-16,4350,4381.55,4206.9,4349.4,596342
2022-08-17,4349,4370.05,4285.85,4305.75,502434
2022-08-18,4315,4338.6,4250,4266.65,580509
2022-08-19,4291,4309.45,4120,4135.35,719126
2022-08-22,4133,4133,3995.6,4024.9,723542
2022-08-23,4024.8,4093.45,3987.85,4070.95,497236
2022-08-24,4079,4220,4077.95,4210.75,956039
2022-08-25,4215,4239.85,4156.7,4168.8,414795
2022-08-26,4207,4235.75,4156.2,4215.25,342452
2022-08-29,4100,4272,4086,4251.5,914112
2022-08-30,4251.5,4337.5,4233.2,4322.9,848217
2022-09-01,4298,4328.95,4244,4277.15,390072
2022-09-02,4309.8,4398,4284,4312.35,735146
2022-09-05,4282,4308.6,4233,4282.55,522750
2022-09-06,4298.9,4422,4291.75,4415.5,1078704
2022-09-07,4379.2,4410,4335,4376.5,396347
2022-09-08,4400,4444.9,4361,4414.8,562760
2022-09-09,4436.9,4474.9,4415,4460.35,476210
2022-09-12,4473,4501.8,4447.05,4481.6,331303
2022-09-13,4520,4520,4466.3,4490.1,309270
2022-09-14,4405.35,4480,4405.35,4427.6,362669
2022-09-15,4449.75,4459.15,4328.05,4341.85,427750
2022-09-16,4342,4363.3,4257,4279.75,458526
2022-09-19,4295.9,4331,4226.7,4308.2,266140
2022-09-20,4316.5,4595,4316.5,4559.35,1173769
2022-09-21,4556,4668.5,4556,4604.8,1177984
2022-09-22,4569.55,4631.2,4522.2,4608.9,511789
2022-09-23,4610,4719,4382.85,4418.45,1205497
2022-09-26,4418.45,4420.45,4191.1,4282.7,843901
2022-09-27,4335,4354.1,4205,4242.95,651304
2022-09-28,4229,4295,4183.1,4268.95,395837
2022-09-29,4297.45,4404.65,4284.95,4391.7,631907
2022-09-30,4352.2,4484.9,4352.2,4383.4,761064
2022-10-03,4385,4490,4350.95,4365.2,454169
2022-10-04,4430,4444.55,4365.2,4404.4,307009
2022-10-06,4426.45,4450,4361.3,4390.5,272050
2022-10-07,4379.6,4433,4353.55,4394.1,501530
2022-10-10,4375,4420,4295,4340.6,207878
2022-10-11,4362.35,4362.35,4263.65,4275.55,258216
2022-10-12,4280,4350,4245,4287.05,621343
2022-10-13,4270.1,4317.95,4236,4266.05,277038
2022-10-14,4301,4324,4264.05,4297.15,254366
2022-10-17,4290,4300.55,4221.05,4290.85,254734
2022-10-18,4325,4377,4258,4366,387469
2022-10-19,4380,4405.9,4341.1,4388.75,249672
2022-10-20,4384,4393.3,4295.2,4322.5,370651
2022-10-21,4344.15,4430,4322.7,4389.05,364601
2022-10-24,4410.2,4435,4320,4410.15,30919
2022-10-25,4437.8,4449.9,4372,4404.05,474364
2022-10-27,4445,4499,4402.85,4431.85,421237
2022-10-28,4454.25,4584,4415,4567,691801
2022-10-31,4582.1,4625,4491.5,4517.5,433481
2022-11-01,4577,4647,4470,4511.35,866656
2022-11-02,4512,4532.8,4370,4383.1,643118
2022-11-03,4370,4425,4349.35,4395,457168
2022-11-04,4410,4410,4340.05,4362.6,669679
2022-11-07,4384.45,4420,4336.45,4363.8,356178
2022-11-09,4347,4435,4344,4361.2,378028
2022-11-10,4374.5,4377.45,4250,4285.45,527721
2022-11-11,4386,4540,4330.05,4421.4,1685313
2022-11-14,4430,4568,4425.2,4556.7,886587
2022-11-15,4560,4629,4527,4611.95,492794
2022-11-16,4605,4610,4461,4479.25,499585
2022-11-17,4490,4515.95,4370.7,4400.3,430622
2022-11-18,4430,4449,4320,4399.15,385705
2022-11-21,4403.95,4440,4341,4418.85,336664
2022-11-22,4420.95,4480,4380,4469.8,310657
2022-11-23,4482.3,4616.15,4448,4605.2,799422
2022-11-24,4630,4833,4614,4815.05,1822610
2022-11-25,4815,4885,4751.05,4789.45,1069669
2022-11-28,4761,4768.85,4683.25,4721.85,598162
2022-11-29,4725,4842,4707.65,4719.2,910558
2022-11-30,4719.2,4760.1,4642.6,4726.4,1113421
2022-12-01,4765,4794,4701.05,4775.7,611403
2022-12-02,4771,4882.95,4743.05,4871.45,996306
2022-12-05,4885,4901.95,4766.95,4778.35,684834
2022-12-06,4770.35,4800,4715,4788.05,354855
2022-12-07,4804.7,4815,4710.9,4727.4,354913
2022-12-08,4738,4777.85,4681.4,4704.5,336491
2022-12-09,4728,4735.95,4675.25,4685.1,271785
2022-12-12,4677,4756,4630,4742.3,445259
2022-12-13,4746,4761.35,4661.3,4678.85,363818
2022-12-14,4712,4712,4656.6,4666.15,356293
2022-12-15,4679.95,4686.6,4627.65,4642.9,316614
2022-12-16,4638,4638,4551.7,4565.15,342890
2022-12-19,4600,4620,4521.05,4610.45,308464
2022-12-20,4610.35,4616.45,4540.25,4596.65,282355
2022-12-21,4610.8,4788.45,4602.2,4766.2,877375
2022-12-22,4795,4848.8,4725,4781.7,902304
2022-12-23,4765.7,4805,4686.35,4700.15,473498
2022-12-26,4723.7,4740,4652.5,4684.05,247357
2022-12-27,4685,4712.7,4625.65,4643.8,226485
2022-12-28,4652,4679.6,4582,4588.65,313366
2022-12-29,4588.65,4610,4478.5,4524.45,530411
2022-12-30,4550,4582.45,4468.1,4477.6,348965
2023-01-02,4488,4516.7,4446,4454.35,246577
2023-01-03,4467,4508.95,4425.1,4490.9,430096
2023-01-04,4495,4514.1,4425,4433.3,414977
2023-01-05,4455.5,4455.5,4356,4429.05,468816
2023-01-06,4442.05,4474.3,4369,4387.45,299640
2023-01-09,4424.35,4452.15,4381.05,4407.7,407803
2023-01-10,4410,4489,4406,4466.65,557940
2023-01-11,4474,4482.45,4336.05,4360.6,462687
2023-01-12,4370.95,4382.4,4325.25,4359.75,207917
2023-01-13,4365,4370,4268.05,4335.55,366497
2023-01-16,4364.25,4364.25,4285,4294.65,210854
2023-01-17,4316.2,4336.45,4275,4322.85,294500
2023-01-18,4337,4352,4305,4339.8,331806
2023-01-19,4339.8,4339.8,4285.65,4318.15,162244
2023-01-20,4302,4322.45,4264.2,4285.25,242706
2023-01-23,4294.4,4353.5,4286.9,4335.45,161350
2023-01-24,4349.95,4349.95,4290.8,4305,178860
2023-01-25,4314.95,4318,4194,4224.35,423714
2023-01-27,4228,4285.35,4192.1,4244.15,421866
2023-01-30,4236.5,4260,4123,4237.7,623069
2023-01-31,4239.5,4303.75,4127.05,4255.9,671038
2023-02-01,4275,4352,4211.5,4262.65,321331
2023-02-02,4262,4262,4170,4231.5,479256
2023-02-03,4245,4259.8,4158,4251.6,413966
2023-02-06,4211,4335.65,4189.65,4320.7,257669
2023-02-07,4305,4360,4271.35,4315.6,319090
2023-02-08,4320,4404.3,4302.55,4391.25,250175
2023-02-09,4347.35,4404.45,4325,4389.3,284239
2023-02-10,4385.4,4425.3,4350.25,4416.25,359807
2023-02-13,4430.4,4439.6,4328,4358.65,272935
2023-02-14,4380.45,4380.45,4251.05,4268.85,339582
2023-02-15,4170,4514,4170,4487.9,2724361
2023-02-16,4509.95,4668,4500.15,4643.15,1419679
2023-02-17,4640.15,4668.95,4576,4614.7,408098
2023-02-20,4593,4649.95,4575.35,4610.6,232327
2023-02-21,4611,4640,4491,4502.05,490637
2023-02-22,4505,4535.95,4440,4449.1,333978
2023-02-23,4471.35,4518.3,4401,4448.05,443522
2023-02-24,4455.05,4486,4396.9,4470.65,358946
2023-02-27,4485,4494.75,4415.05,4439.75,215703
2023-02-28,4449,4473.4,4361.3,4401.65,312308
2023-03-01,4401.65,4446,4337.25,4413.8,287008
2023-03-02,4429,4450.2,4381.35,4402.2,313250
2023-03-03,4416.75,4445,4393.9,4408.3,168868
2023-03-06,4416,4488.9,4412.05,4421.1,242661
2023-03-08,4414.9,4441.2,4360,4376.05,246734
2023-03-09,4399,4538.25,4385.15,4418.15,684685
2023-03-10,4399.7,4399.7,4291.65,4317.25,328154
2023-03-13,4327,4435.95,4322,4345,496455
2023-03-14,4345,4354.75,4275,4299.6,279237
2023-03-15,4334.75,4367.95,4309.3,4328.8,279479
2023-03-16,4330.95,4370,4266,4319.05,300181
2023-03-17,4340,4376.2,4296.7,4346.5,368653
2023-03-20,4322,4353.9,4195,4313,563835
2023-03-21,4320,4353.9,4266,4274,239304
2023-03-22,4275.05,4295,4211.1,4285.1,302705
2023-03-23,4276,4299.35,4243.55,4273.05,233054
2023-03-24,4277.5,4354.65,4261,4283.35,354933
2023-03-27,4304.7,4407.9,4277,4318.1,495895
2023-03-28,4334.8,4343.5,4245.05,4333.6,343628
2023-03-29,4333.6,4380,4311.1,4363,250790
2023-03-31,4384.85,4400.95,4299.95,4310.9,465663
2023-04-03,4343.5,4343.95,4220.15,4234.35,493574
2023-04-05,4250,4250,4168,4200.95,622533
2023-04-06,4217,4225,4183.15,4201.95,286725
2023-04-10,4215,4243.65,4187.3,4237,323560
2023-04-11,4263,4286.8,4221.15,4271.3,284178
2023-04-12,4287.7,4328.95,4266.5,4320.2,304498
2023-04-13,4329,4481.1,4320.3,4398.3,1257056
2023-04-17,4410,4448.4,4340,4386.7,334963
2023-04-18,4380,4384.1,4293.9,4338.65,409038
2023-04-19,4355,4355,4221.55,4320.3,517278
2023-04-20,4320.3,4358.85,4233.15,4348.4,484517
2023-04-21,4340,4428,4318.45,4361.3,485292
2023-04-24,4362.3,4462.2,4362.3,4399.05,571150
2023-04-25,4409.95,4446.25,4383.1,4416.5,252655
2023-04-26,4419.95,4488.7,4401,4410.4,438486
2023-04-27,4419.85,4438.5,4365.05,4417.5,400508
2023-04-28,4442.95,4529,4430.95,4513.7,713399
2023-05-02,4529.75,4573.3,4476.9,4490.8,384900
2023-05-03,4509.75,4524.45,4482,4515.45,287955
2023-05-04,4510,4569.9,4500,4553.2,391146
2023-05-05,4550,4630,4521.5,4602.5,332169
2023-05-08,4611,4660,4585,4625.1,274255
2023-05-09,4645.9,4647.9,4582.3,4593.05,207566
2023-05-10,4593.05,4634,4577,4601.3,293523
2023-05-11,4610.95,4645,4584.65,4595.3,409446
2023-05-12,4595,4640,4535,4605.25,427837
2023-05-15,4609.95,4689,4591.1,4625.85,401847
2023-05-16,4625,4642.25,4541,4555.1,310725
2023-05-17,4580.05,4599.6,4458,4482.15,266803
2023-05-18,4510,4529.9,4433,4442,167057
2023-05-19,4455,4465,4410.25,4447.15,177405
2023-05-22,4459.8,4625,4451.95,4605.3,361967
2023-05-23,4605,4617.05,4533,4550.4,433331
2023-05-24,4540.95,4607,4523.35,4536.45,225979
2023-05-25,4569,4597.95,4530.95,4568.15,202680
2023-05-26,4590,4620,4551.25,4609.9,289579
2023-05-29,4635,4665,4580.65,4640.45,332364
2023-05-30,4672,4795,4535.45,4599.15,1298380
2023-05-31,4600,4731,4525,4621.95,1655511
2023-06-01,4689,4847,4686,4814.25,1692479
2023-06-02,4839.65,5002.2,4806,4967.3,1326161
2023-06-05,4967.95,5009.2,4934.05,4950.2,698352
2023-06-06,4969,4969.45,4893.5,4940.1,382992
2023-06-07,4964.45,5040,4950.05,5026.45,552840
2023-06-08,5020,5028.55,4920,4926.65,411502
2023-06-09,4926.65,4965.85,4907.05,4926.7,249400
2023-06-12,4949,4995,4915.05,4924.75,343835
2023-06-13,4925,4990,4916.75,4951.05,308751
2023-06-14,4965,5022.55,4951.05,5009,360156
2023-06-15,5039.95,5259.8,5018,5218.75,1712253
2023-06-16,5218.75,5294,5163.05,5200.05,797312
2023-06-19,5220,5261.95,5135.3,5145,327818
2023-06-20,5174.95,5197.9,5101.1,5162.05,334154
2023-06-21,5169.85,5173,5086.6,5118.75,410174
2023-06-22,5129.9,5155,5055,5066,329800
2023-06-23,5084.4,5084.4,5001,5045.45,335552
2023-06-26,5049.95,5055,5000.05,5036.95,430106
2023-06-27,5040,5150,5036.95,5142.8,556456
2023-06-28,5145,5175.95,5116.15,5126.9,362944
2023-06-30,5128,5148.95,5064.05,5098.2,411015
2023-07-03,5127.5,5142.5,5060,5068.5,150815
2023-07-04,5119.9,5124.7,5052.05,5109.95,233404
2023-07-05,5125,5148.5,5050.4,5077.65,279982
2023-07-06,5090,5310,5070.2,5283.05,1251554
2023-07-07,5274.95,5274.95,5130,5146.25,559765
2023-07-10,5179.85,5203.5,5110.75,5158.35,271366
2023-07-11,5200,5272.4,5165.1,5257,503174
2023-07-12,5261.65,5288.45,5205.85,5252.05,263391
2023-07-13,5289.9,5289.9,5168,5182,338327
2023-07-14,5180,5198.45,5096.25,5171.8,508041
2023-07-17,5152.2,5318.95,5152.2,5219.3,469609
2023-07-18,5206.5,5324,5106.45,5162.6,511024
2023-07-19,5162.6,5223.95,5162.6,5175.6,265631
2023-07-20,5170,5210,5132.65,5195.45,276787
2023-07-21,5130.05,5253,5125.05,5204.9,313184
2023-07-24,5144,5225.7,5144,5180.8,249814
2023-07-25,5153.8,5220,5153.8,5212.2,547945
2023-07-26,5196,5255,5143.05,5155.75,297720
2023-07-27,5146.75,5265,5144.2,5215.5,363050
2023-07-28,5177,5364,5177,5346.95,453505
2023-07-31,5339.95,5339.95,5158.55,5173.45,689230
2023-08-01,5210,5210,5021.55,5032.4,1044095
2023-08-02,5033,5043.7,4976,4996.75,1016605
2023-08-03,4960,5030,4956.3,4996.3,412037
2023-08-04,5025,5036.45,4964,4980.3,358846
2023-08-07,4980.3,5024.9,4956.35,5014.4,608113
2023-08-08,5017,5055,4980.15,5023.35,519420
2023-08-09,5023.35,5026,4958,4981.35,268668
2023-08-10,4981.4,4981.45,4903.6,4922.5,370166
2023-08-11,4930,5012,4811.15,4906.15,1066479
2023-08-14,4863,4927.55,4730,4820.85,832136
2023-08-16,4800,4953.95,4754.1,4941.9,667417
2023-08-17,4940.5,4960,4872.55,4892.75,375779
2023-08-18,4874.95,4895,4825.1,4848.35,336848
2023-08-21,4881,4945.45,4840,4932.65,243126
2023-08-22,4947.9,4959,4906.15,4919.65,175172
2023-08-23,4958,4987,4911,4945.6,597123
2023-08-24,4955,4983.5,4900.1,4919.95,534065
2023-08-25,4900,4913.1,4846,4865.5,249504
2023-08-28,4874.9,4911.85,4842,4905.45,204098
2023-08-29,4906,4945,4858.9,4878.4,591619
2023-08-30,4881.95,4889.95,4845,4874.5,396122
2023-08-31,4887.45,4911.8,4805.8,4814.1,488260
2023-09-01,4840,4849.95,4801.2,4840.35,206097
2023-09-04,4860,4870,4817.6,4824.85,354446
2023-09-05,4860,4992,4832.05,4984.5,800554
2023-09-06,4980,5043.65,4954,5033.1,535407
2023-09-07,5029.95,5044.9,4987,5029.05,334709
2023-09-08,5040,5049.8,4977.95,4985.15,292671
2023-09-11,5004,5106.8,5003.75,5095.95,543287
2023-09-12,5111,5125,4966,4979.2,483061
2023-09-13,4975,5021.2,4945,5011,232238
2023-09-14,5001,5100,4995.5,5084.55,414391
2023-09-15,5084.55,5150.4,5061.7,5091.8,658355
2023-09-18,5100,5162,5067.35,5075.15,371912
2023-09-20,5051.45,5059.8,4929,5006.3,509910
2023-09-21,4990,5046.95,4975.45,5020.05,422586
2023-09-22,5013,5016.8,4955,4989.55,348459
2023-09-25,5014.9,5113.45,4972.85,5097.05,386746
2023-09-26,5097,5097,5030.25,5053.7,267102
2023-09-27,5054,5118.85,5020,5105.35,460768
2023-09-28,5105.35,5145.5,4995,5020.1,407714
2023-09-29,5054,5186.95,5026.6,5137.75,410567
2023-10-03,5138.95,5154.95,5066,5118.95,268482
2023-10-04,5085,5096.85,4982.3,5047.4,442482
2023-10-05,5054.95,5079.85,5026.65,5047.05,363289
2023-10-06,5050,5084,5028.8,5060.25,407753
2023-10-09,5000,5066,4987.05,5047.3,176296
2023-10-10,5068.95,5084.55,5033,5066.7,202645
2023-10-11,5072.95,5140,5065,5092.85,336099
2023-10-12,5092.8,5113.95,4871.7,4993.85,1029595
2023-10-13,4988.95,5029.1,4933.75,5017.3,410013
2023-10-16,5030,5049.45,4986.4,5021.7,259806
2023-10-17,5050,5068,5012.2,5028.8,217907
2023-10-18,5021,5039.95,4938.45,4977.25,341459
2023-10-19,4977.25,5019.95,4935.15,4997.05,231958
2023-10-20,4990.1,4999.95,4940.5,4977.55,252447
2023-10-23,4977,5010.55,4944.15,4969.55,363474
2023-10-25,4960,4971.35,4831.5,4859.9,894230
2023-10-26,4859.9,4859.9,4726,4760.3,836962
2023-10-27,4779.95,4860.55,4776.8,4830.2,333727
2023-10-30,4840,4868.4,4783.05,4841.75,234759
2023-10-31,4832,4899.65,4805.2,4819.9,276660
2023-11-01,4835,4856,4790,4796.55,281746
2023-11-02,4837.8,4895,4810.2,4887,214035
2023-11-03,4950.75,5165.5,4937.05,5153.2,1262458
2023-11-06,5141.05,5228,5127.5,5164.95,399720
2023-11-07,5150,5181.95,5121.05,5136.85,222204
2023-11-08,5135,5153.65,5087.45,5110.95,400498
2023-11-09,5147.5,5313,5122.05,5297.6,1032216
2023-11-10,5300,5338,5218.65,5278.5,696409
2023-11-12,5300,5300,5265,5275.55,18707
2023-11-13,5250,5279,5200.2,5220.65,150128
2023-11-15,5283.85,5295,5207,5224.95,356675
2023-11-16,5224,5368,5201.75,5338.75,449045
2023-11-17,5332.2,5493.35,5306.15,5478.95,735541
2023-11-20,5475,5595,5455.05,5473.95,526567
2023-11-21,5500,5520.3,5422.4,5466.8,382979
2023-11-22,5467,5539.95,5439.15,5532,302473
2023-11-23,5530,5550,5473.3,5493.95,234584
2023-11-24,5493,5493,5395,5401.3,270183
2023-11-28,5401.3,5424.85,5341,5366.8,362746
2023-11-29,5372.1,5435,5364.5,5421.95,277119
2023-11-30,5382,5550,5382,5528.95,775261
2023-12-01,5550,5687.65,5530.35,5591.15,546990
2023-12-04,5626,5658.25,5569.6,5622.55,936113
2023-12-05,5610,5689,5525,5580.2,787929
2023-12-06,5534.15,5639,5508.75,5543.1,574427
2023-12-07,5490.25,5519.8,5441.5,5461.4,510609
2023-12-08,5495,5572.55,5439.05,5555.35,456382
2023-12-11,5550,5555.35,5490,5547.35,238128
2023-12-12,5550,5550,5403.2,5428.95,615205
2023-12-13,5402.95,5452,5369.4,5426.75,476781
2023-12-14,5494.8,5532.95,5452.1,5515.9,490550
2023-12-15,5530,5588,5500,5551.2,349758
2023-12-18,5550.5,5607.75,5494,5498.65,428321
2023-12-19,5508.8,5675.35,5503.7,5555.5,682732
2023-12-20,5555.5,5605.8,5375.1,5402.2,437044
2023-12-21,5344,5553,5284.85,5475.85,487514
2023-12-22,5510,5549,5462.7,5541.4,220537
2023-12-26,5541.4,5645,5526.15,5633.15,243281
2023-12-27,5635,5715,5615.6,5687.45,307177
2023-12-28,5675,5770,5674.75,5760.5,568149
2023-12-29,5740,5758.95,5677.3,5704.1,325682
2024-01-01,5741,5765,5707.85,5750.05,127030
2024-01-02,5738.1,5782.65,5680,5746.35,166449
2024-01-03,5730,5786,5673.05,5768.3,198997
2024-01-04,5768.3,5839.95,5731.5,5762.2,220702
2024-01-05,5762.2,5808.8,5715,5754.25,144894
2024-01-08,5750,5774.85,5640,5682,157009
2024-01-09,5702.2,5849,5674.7,5797.65,329437
2024-01-10,5800,5819.3,5721.3,5800.9,239740
2024-01-11,5804,5892,5802.25,5869.9,213210
2024-01-12,5870,5922,5742.85,5795.7,250919
2024-01-15,5835,5924.15,5804,5896.4,375458
2024-01-16,5882,5967.45,5829,5904.55,347797
2024-01-17,5872.85,5980.35,5831.25,5925.9,378205
2024-01-18,5959,6028.95,5838,5990.85,591170
2024-01-19,5987,6120,5951,6094.65,326813
2024-01-20,6120,6220,6073,6122.55,249694
2024-01-23,6428,6428.7,6133.65,6153.75,982889
2024-01-24,6153.55,6230,6083.35,6213.35,435151
2024-01-25,6210.05,6238.2,6119.1,6168.85,337391
2024-01-29,6199.05,6349,6177.8,6329.75,554591
2024-01-30,6331,6387.85,6283.8,6309.8,304312
2024-01-31,6280,6371.65,6255.55,6352.95,499281
2024-02-01,6289.65,6377,6267.8,6287.95,255111
2024-02-02,6320,6359.05,6291.3,6320.55,239428
2024-02-05,6320.55,6346.6,6209.2,6234.5,147909
2024-02-06,6259.95,6297.9,6155.05,6197.3,326654
2024-02-07,6237.75,6248.85,6155,6177.95,323738
2024-02-08,6201.5,6363.2,6150,6231,794455
2024-02-09,6269.4,6473.95,6213.6,6437.35,933104
2024-02-12,6464.9,6677.8,6375,6614.45,709946
2024-02-13,6614.45,6740,6598.25,6718.9,521773
2024-02-14,6718.8,6775,6700,6754.1,452781
2024-02-15,6750,6764.4,6585.6,6627.6,446114
2024-02-16,6631.05,6660.45,6525.1,6600.55,391508
2024-02-19,6620,6675.95,6511.05,6657.15,334607
2024-02-20,6667.5,6785,6637.85,6759.45,559251
2024-02-21,6784.95,6821.95,6717.3,6760.15,537325
2024-02-22,6765,6874.45,6690.05,6769.2,564432
2024-02-23,6779,6786.8,6723.1,6774.05,352524
2024-02-26,6769.95,6791.75,6570.9,6584,453443
2024-02-27,6588,6668.45,6570,6620.6,313760
2024-02-28,6630,6630,6345.3,6362.35,536602
2024-02-29,6392.55,6392.55,6062.05,6101.6,1543361
2024-03-01,6102,6107,5941.85,6085.4,1749136
2024-03-02,6169.95,6169.95,6119.95,6133.3,33927
2024-03-04,6145,6171.75,6022.85,6033.3,551616
2024-03-05,6035.05,6103.5,5976.2,6061.1,724456
2024-03-06,6025,6078.9,5945,6054.3,588776
2024-03-07,6065.5,6142.85,6032,6048.8,738112
2024-03-11,6048.8,6225,6036.1,6204.7,521556
2024-03-12,6240,6274.25,6107.5,6144.8,482112
2024-03-13,6180,6180,5956.05,6008.4,356191
2024-03-14,6008.4,6095,5980,6023.15,439181
2024-03-15,6015,6030.85,5941.6,5983.2,764270
2024-03-18,5997.75,6144.95,5978.65,6136.55,419258
2024-03-19,6077,6125.7,6034.05,6113.2,542392
2024-03-20,6148,6200.7,6073.45,6174.05,413963
2024-03-21,6189.9,6214.4,6105.6,6182.5,350032
2024-03-22,6169.15,6390.9,6168.7,6375.9,727548
2024-03-26,6398,6463.45,6309.5,6322.45,629120
2024-03-27,6355,6399.4,6220,6231.45,603420
2024-03-28,6231.45,6425.6,6112.5,6356.8,818070
2024-04-01,6401,6557,6372.75,6457.25,440465
2024-04-02,6469.5,6469.5,6404.2,6419.75,213898
2024-04-03,6399.55,6409,6311,6375.05,289202
2024-04-04,6425,6475,6326.4,6440.6,547885
2024-04-05,6440.6,6480,6381.55,6397.75,239001
2024-04-08,6397.75,6397.75,6280,6307.75,491584
2024-04-09,6347.8,6540,6330.95,6505.05,592624
2024-04-10,6505.05,6515.9,6451,6489.85,174947
2024-04-12,6450,6477.9,6362.7,6406.55,450885
2024-04-15,6325.1,6399.1,6283,6303.15,251305
2024-04-16,6299.95,6347.6,6202,6334.75,290190
2024-04-18,6306.1,6334.4,6053.2,6074.15,518459
2024-04-19,6140,6199,6050,6169.55,560178
2024-04-22,6154.5,6258,6150,6238.55,197001
2024-04-23,6241.5,6303.8,6181,6194.9,217146
2024-04-24,6229.9,6310.5,6186.15,6283.35,207837
2024-04-25,6280,6402.2,6168.85,6384.1,520353
2024-04-26,6380,6380,6251.05,6258.6,261065
2024-04-29,6200,6200,5733,5968.35,2785015
2024-04-30,6000,6023,5901,5947.1,1040838
2024-05-02,5947.1,6000,5939.45,5958.55,572406
2024-05-03,6000,6027.7,5960.05,6009.6,563849
2024-05-06,6050,6086.15,5986.2,6056.7,419144
2024-05-07,6080,6080,5856.4,5900.25,455928
2024-05-08,5892,5910,5812.65,5846.5,511587
2024-05-09,5859.9,5892,5790,5806.4,598157
2024-05-10,5819.95,5881,5753.25,5842.45,372227
2024-05-13,5820,5842.4,5790.2,5830.15,348407
2024-05-14,5855,5894.65,5740,5862.8,558136
2024-05-15,5869.95,5883.45,5820,5848.8,509306
2024-05-16,5890,5944.5,5850,5931.7,378026
2024-05-17,5925,5973,5910.1,5953.05,267904
2024-05-18,5932,5988,5913.8,5953.95,11673
2024-05-21,6000,6041.9,5920.4,5948.25,606639
2024-05-22,5958.6,5958.6,5844.95,5868.15,735701
2024-05-23,5878.45,5991.45,5860.6,5970.05,308200
2024-05-24,5938.3,5971.85,5867,5914.35,608807
2024-05-27,5950,5959.5,5918,5939.3,189637
2024-05-28,5944.15,5971.45,5880.3,5904.5,314362
2024-05-29,5909.9,5945,5880.9,5903.45,337183
2024-05-30,5900,5901.75,5750,5766.45,643549
2024-05-31,5855.95,5959.35,5743,5839.2,1382132
2024-06-03,5986.3,6018.15,5812.55,5851.2,804820
2024-06-04,5750.35,5963.75,5693.2,5845.7,642000
2024-06-05,5915,5944.75,5776.8,5934.65,487289
2024-06-06,5970,5975,5900,5962,490549
2024-06-07,5987.75,6031,5965.45,6014.55,436163
2024-06-10,6040,6075,5992.05,6056.7,443756
2024-06-11,6081.75,6167.25,6059.2,6107.95,521348
2024-06-12,6117.3,6188.85,6075,6168.6,321285
2024-06-13,6207.95,6210.55,6160,6206.2,401804
2024-06-14,6210,6219.95,6175,6207.6,216573
